wavenumber_cm-1,transmittance_percent,absorbance
400.0000,82.1986,0.085136
401.9289,81.6039,0.088289
403.8579,81.3514,0.089635
405.7868,80.2638,0.095480
407.7157,79.5833,0.099178
409.6447,78.5621,0.104787
411.5736,78.0870,0.107421
413.5025,77.0798,0.113060
415.4315,76.3563,0.117155
417.3604,75.8609,0.119982
419.2893,75.0636,0.124571
421.2183,74.2968,0.129030
423.1472,74.0033,0.130749
425.0761,73.1374,0.135860
427.0051,72.8512,0.137563
428.9340,72.3291,0.140687
430.8629,72.2207,0.141338
432.7919,71.4502,0.145997
434.7208,71.2139,0.147436
436.6497,71.0992,0.148135
438.5787,71.0961,0.148154
440.5076,70.6919,0.150630
442.4365,70.5557,0.151468
444.3655,70.6651,0.150795
446.2944,69.8937,0.155562
448.2233,69.7967,0.156165
450.1523,69.6513,0.157071
452.0812,69.4315,0.158444
454.0102,69.0448,0.160869
455.9391,68.8024,0.162397
457.8680,68.6456,0.163388
459.7970,68.6466,0.163381
461.7259,68.3234,0.165431
463.6548,68.4990,0.164316
465.5838,68.3126,0.165499
467.5127,68.4783,0.164447
469.4416,68.9065,0.161740
471.3706,69.1619,0.160133
473.2995,69.6195,0.157269
475.2284,70.1713,0.153841
477.1574,71.0037,0.148719
479.0863,71.5828,0.145191
481.0152,72.1580,0.141716
482.9442,72.8358,0.137655
484.8731,73.5153,0.133622
486.8020,74.0783,0.130309
488.7310,75.1378,0.124142
490.6599,75.0478,0.124662
492.5888,75.4394,0.122402
494.5178,75.8729,0.119913
496.4467,76.2349,0.117846
498.3756,76.1883,0.118112
500.3046,76.1069,0.118576
502.2335,75.5780,0.121605
504.1624,75.2144,0.123699
506.0914,74.7709,0.126268
508.0203,74.2553,0.129273
509.9492,73.7369,0.132315
511.8782,73.1769,0.135626
513.8071,72.6347,0.138856
515.7360,72.0633,0.142286
517.6650,71.6591,0.144729
519.5939,71.4685,0.145885
521.5228,71.4070,0.146259
523.4518,71.3928,0.146345
525.3807,71.3670,0.146503
527.3096,71.7630,0.144099
529.2386,72.1858,0.141548
531.1675,72.7210,0.138340
533.0964,73.2610,0.135127
535.0254,73.7518,0.132227
536.9543,74.7102,0.126620
538.8832,75.1471,0.124088
540.8122,76.1079,0.118570
542.7411,76.7383,0.114988
544.6700,77.7240,0.109445
546.5990,78.5100,0.105075
548.5279,78.9184,0.102821
550.4569,80.0254,0.096772
552.3858,80.5665,0.093846
554.3147,80.7943,0.092619
556.2437,81.8997,0.086718
558.1726,82.2266,0.084988
560.1015,83.0322,0.080753
562.0305,83.6659,0.077451
563.9594,84.0526,0.075449
565.8883,84.5074,0.073105
567.8173,85.0389,0.070382
569.7462,85.5107,0.067980
571.6751,85.7221,0.066907
573.6041,85.8631,0.066193
575.5330,86.1174,0.064909
577.4619,86.5197,0.062885
579.3909,86.3228,0.063874
581.3198,86.3583,0.063696
583.2487,86.3997,0.063488
585.1777,86.4352,0.063309
587.1066,86.2942,0.064018
589.0355,86.2400,0.064291
590.9645,85.7536,0.066747
592.8934,85.7912,0.066557
594.8223,85.3522,0.068786
596.7513,85.6099,0.067476
598.6802,85.1041,0.070050
600.6091,84.7049,0.072092
602.5381,84.2788,0.074282
604.4670,84.6673,0.072284
606.3959,84.5297,0.072991
608.3249,84.4964,0.073162
610.2538,84.4402,0.073451
612.1827,84.7505,0.071858
614.1117,85.1183,0.069977
616.0406,85.2413,0.069350
617.9695,85.6744,0.067149
619.8985,86.0607,0.065195
621.8274,86.6686,0.062138
623.7563,87.0810,0.060077
625.6853,87.1841,0.059563
627.6142,87.1258,0.059853
629.5431,87.6293,0.057351
631.4721,87.8015,0.056498
633.4010,88.1958,0.054552
635.3299,88.2621,0.054226
637.2589,88.6023,0.052555
639.1878,89.1499,0.049879
641.1168,89.2962,0.049167
643.0457,89.2919,0.049188
644.9746,89.3123,0.049089
646.9036,89.4847,0.048251
648.8325,89.3241,0.049031
650.7614,89.3055,0.049122
652.6904,89.5870,0.047755
654.6193,89.6718,0.047344
656.5482,89.8720,0.046376
658.4772,89.5846,0.047767
660.4061,89.3883,0.048720
662.3350,89.9508,0.045995
664.2640,89.8957,0.046261
666.1929,89.7519,0.046956
668.1218,89.4601,0.048370
670.0508,89.6471,0.047464
671.9797,89.5660,0.047857
673.9086,89.7220,0.047101
675.8376,89.7296,0.047065
677.7665,88.8511,0.051337
679.6954,88.8880,0.051157
681.6244,88.2878,0.054099
683.5533,88.1567,0.054745
685.4822,87.9248,0.055889
687.4112,87.4239,0.058370
689.3401,86.9383,0.060789
691.2690,86.9338,0.060811
693.1980,86.6321,0.062321
695.1269,86.6633,0.062165
697.0558,87.1698,0.059634
698.9848,87.3779,0.058599
700.9137,87.6396,0.057300
702.8426,88.6202,0.052467
704.7716,88.2059,0.054502
706.7005,88.6824,0.052163
708.6294,89.0046,0.050588
710.5584,89.2573,0.049356
712.4873,88.9987,0.050616
714.4162,88.8964,0.051116
716.3452,89.0261,0.050483
718.2741,88.6676,0.052235
720.2030,88.9230,0.050986
722.1320,88.1792,0.054634
724.0609,88.1173,0.054939
725.9898,87.5692,0.057649
727.9188,87.0779,0.060092
729.8477,86.4153,0.063409
731.7766,86.1513,0.064738
733.7056,85.8557,0.066231
735.6345,85.4193,0.068444
737.5634,85.8378,0.066322
739.4924,85.7066,0.066986
741.4213,85.8290,0.066366
743.3503,86.1073,0.064960
745.2792,86.6781,0.062091
747.2081,87.2972,0.059000
749.1371,87.7563,0.056722
751.0660,88.2403,0.054333
752.9949,88.2098,0.054483
754.9239,88.9821,0.050698
756.8528,89.0684,0.050276
758.7817,89.0847,0.050197
760.7107,89.3133,0.049084
762.6396,88.9325,0.050939
764.5685,88.9168,0.051016
766.4975,88.8964,0.051116
768.4264,88.3130,0.053976
770.3553,88.1248,0.054902
772.2843,87.2281,0.059344
774.2132,85.8045,0.066490
776.1421,84.7115,0.072057
778.0711,83.6830,0.077363
780.0000,83.1300,0.080242
781.9289,83.4185,0.078738
783.8579,83.4630,0.078506
785.7868,84.2700,0.074327
787.7157,84.5919,0.072671
789.6447,84.5034,0.073126
791.5736,83.8375,0.076562
793.5025,83.2158,0.079794
795.4315,82.6145,0.082943
797.3604,82.6864,0.082566
799.2893,83.4631,0.078506
801.2183,84.4157,0.073577
803.1472,85.7873,0.066577
805.0761,87.0509,0.060227
807.0051,88.0621,0.055211
808.9340,88.4766,0.053171
810.8629,88.9657,0.050777
812.7919,89.8252,0.046602
814.7208,90.2312,0.044643
816.6497,90.0903,0.045322
818.5787,90.0979,0.045285
820.5076,89.9525,0.045987
822.4365,90.0813,0.045365
824.3655,90.4303,0.043686
826.2944,90.3524,0.044060
828.2233,90.6485,0.042640
830.1523,90.7851,0.041985
832.0812,90.6407,0.042677
834.0102,90.5994,0.042875
835.9391,90.7111,0.042340
837.8680,90.7195,0.042299
839.7970,90.4945,0.043378
841.7259,90.3780,0.043937
843.6548,90.6054,0.042846
845.5838,90.6788,0.042494
847.5127,90.6815,0.042481
849.4416,90.6741,0.042517
851.3706,90.6309,0.042724
853.2995,90.4925,0.043387
855.2284,90.6465,0.042649
857.1574,90.4253,0.043710
859.0863,90.2884,0.044368
861.0152,90.2697,0.044458
862.9442,90.1121,0.045217
864.8731,89.7469,0.046980
866.8020,89.8236,0.046609
868.7310,89.7558,0.046937
870.6599,89.8176,0.046639
872.5888,89.9001,0.046240
874.5178,89.5669,0.047853
876.4467,89.7614,0.046910
878.3756,89.8331,0.046563
880.3046,89.4398,0.048469
882.2335,89.4802,0.048273
884.1624,89.1219,0.050016
886.0914,88.9817,0.050699
888.0203,89.2932,0.049181
889.9492,88.6313,0.052413
891.8782,88.2707,0.054184
893.8071,88.0377,0.055331
895.7360,87.7762,0.056623
897.6650,87.3116,0.058928
899.5939,86.8742,0.061109
901.5228,86.4283,0.063344
903.4518,86.2943,0.064018
905.3807,85.7327,0.066854
907.3096,85.6057,0.067497
909.2386,84.6924,0.072155
911.1675,84.9091,0.071046
913.0964,84.3310,0.074013
915.0254,84.4377,0.073464
916.9543,84.2191,0.074589
918.8832,84.4094,0.073609
920.8122,84.2726,0.074314
922.7411,84.6032,0.072613
924.6700,85.0410,0.070372
926.5990,85.1982,0.069570
928.5279,85.6925,0.067057
930.4569,85.9442,0.065783
932.3858,85.8456,0.066282
934.3147,85.9693,0.065657
936.2437,86.1012,0.064991
938.1726,86.3709,0.063633
940.1015,86.7031,0.061965
942.0305,86.3327,0.063825
943.9594,86.2646,0.064167
945.8883,86.0051,0.065476
947.8173,85.9263,0.065874
949.7462,85.5932,0.067561
951.6751,85.4474,0.068301
953.6041,84.6392,0.072428
955.5330,84.6505,0.072371
957.4619,84.1934,0.074722
959.3909,83.4638,0.078502
961.3198,82.5137,0.083474
963.2487,81.7691,0.087411
965.1777,80.8235,0.092463
967.1066,79.9383,0.097245
969.0355,78.8440,0.103231
970.9645,77.8756,0.108599
972.8934,76.8383,0.114422
974.8223,75.8249,0.120188
976.7513,74.5615,0.127485
978.6802,73.3185,0.134786
980.6091,72.0114,0.142599
982.5381,70.4923,0.151858
984.4670,69.1654,0.160111
986.3959,67.6112,0.169981
988.3249,66.5117,0.177102
990.2538,65.2718,0.185274
992.1827,63.7723,0.195368
994.1117,62.7567,0.202340
996.0406,61.2227,0.213088
997.9695,60.1394,0.220841
999.8985,58.9644,0.229410
1001.8274,57.8762,0.237500
1003.7563,56.9706,0.244349
1005.6853,55.9003,0.252586
1007.6142,55.1007,0.258843
1009.5431,54.3452,0.264839
1011.4721,53.4653,0.271928
1013.4010,53.0521,0.275297
1015.3299,52.5835,0.279151
1017.2589,52.0552,0.283536
1019.1878,51.6037,0.287319
1021.1167,51.2171,0.290585
1023.0457,50.7198,0.294823
1024.9746,50.5431,0.296338
1026.9035,50.2537,0.298832
1028.8325,50.0024,0.301009
1030.7614,50.1101,0.300075
1032.6904,49.9530,0.301439
1034.6193,50.0016,0.301016
1036.5482,50.0180,0.300874
1038.4772,50.0592,0.300516
1040.4061,50.3311,0.298164
1042.3350,50.5046,0.296669
1044.2640,50.7422,0.294630
1046.1929,50.6855,0.295116
1048.1218,51.1697,0.290987
1050.0508,51.5390,0.287864
1051.9797,51.9314,0.284570
1053.9086,52.1214,0.282984
1055.8376,52.6186,0.278861
1057.7665,52.9292,0.276304
1059.6954,53.0926,0.274966
1061.6244,53.4184,0.272309
1063.5533,53.9208,0.268243
1065.4822,54.1905,0.266077
1067.4112,54.5173,0.263466
1069.3401,54.9522,0.260015
1071.2690,55.4790,0.255871
1073.1980,55.9835,0.251940
1075.1269,56.5316,0.247709
1077.0558,57.2177,0.242470
1078.9848,57.8764,0.237499
1080.9137,58.7172,0.231234
1082.8426,59.3936,0.226260
1084.7716,60.2225,0.220241
1086.7005,60.5520,0.217872
1088.6294,61.6105,0.210345
1090.5584,62.6260,0.203245
1092.4873,63.2729,0.198782
1094.4162,64.4007,0.191109
1096.3452,65.3456,0.184783
1098.2741,66.5685,0.176731
1100.2030,67.2605,0.172240
1102.1320,68.1401,0.166597
1104.0609,69.2342,0.159679
1105.9898,70.1963,0.153686
1107.9188,70.7181,0.150470
1109.8477,71.8577,0.143527
1111.7766,72.6201,0.138943
1113.7056,72.9660,0.136880
1115.6345,74.2712,0.129180
1117.5634,74.8450,0.125837
1119.4924,75.1621,0.124001
1121.4213,75.7636,0.120540
1123.3502,76.2997,0.117477
1125.2792,76.8822,0.114174
1127.2081,77.0919,0.112991
1129.1371,77.5518,0.110408
1131.0660,77.9749,0.108045
1132.9949,77.9969,0.107923
1134.9239,78.4160,0.105595
1136.8528,78.1628,0.107000
1138.7817,78.5970,0.104594
1140.7107,78.6658,0.104214
1142.6396,78.5355,0.104934
1144.5685,78.5390,0.104915
1146.4975,78.2651,0.106432
1148.4264,78.4315,0.105509
1150.3553,78.1075,0.107307
1152.2843,78.0662,0.107537
1154.2132,78.3552,0.105932
1156.1421,77.8780,0.108585
1158.0711,78.1574,0.107030
1160.0000,78.4316,0.105509
1161.9289,78.5809,0.104683
1163.8579,79.0881,0.101889
1165.7868,78.8443,0.103230
1167.7157,79.9581,0.097137
1169.6447,80.0490,0.096644
1171.5736,80.3796,0.094854
1173.5025,81.4074,0.089336
1175.4315,81.9376,0.086517
1177.3604,82.1164,0.085570
1179.2893,83.0526,0.080647
1181.2183,83.6351,0.077611
1183.1472,83.7243,0.077149
1185.0761,84.6000,0.072629
1187.0051,85.0052,0.070554
1188.9340,85.5741,0.067658
1190.8629,86.0158,0.065422
1192.7919,86.5347,0.062810
1194.7208,86.6487,0.062238
1196.6497,87.1455,0.059755
1198.5787,87.7388,0.056808
1200.5076,87.2037,0.059465
1202.4365,87.7700,0.056654
1204.3655,87.9280,0.055873
1206.2944,88.3229,0.053927
1208.2233,88.1821,0.054620
1210.1523,88.0840,0.055103
1212.0812,88.2889,0.054094
1214.0101,88.2828,0.054124
1215.9391,88.0515,0.055263
1217.8680,88.2667,0.054203
1219.7969,88.0198,0.055420
1221.7259,88.0506,0.055268
1223.6548,87.3537,0.058719
1225.5838,87.4452,0.058264
1227.5127,87.4978,0.058003
1229.4416,86.9454,0.060754
1231.3706,86.8911,0.061025
1233.2995,86.4178,0.063397
1235.2284,86.5186,0.062891
1237.1574,85.7631,0.066700
1239.0863,85.2359,0.069378
1241.0152,85.0685,0.070231
1242.9442,85.2765,0.069171
1244.8731,84.4806,0.073243
1246.8020,84.4190,0.073560
1248.7310,84.2072,0.074651
1250.6599,84.1201,0.075100
1252.5888,83.7460,0.077036
1254.5178,83.6647,0.077458
1256.4467,83.6035,0.077776
1258.3756,83.4524,0.078561
1260.3046,83.6981,0.077284
1262.2335,83.5380,0.078116
1264.1624,83.5411,0.078100
1266.0914,83.9419,0.076021
1268.0203,83.9283,0.076092
1269.9492,83.6919,0.077317
1271.8782,84.2661,0.074347
1273.8071,84.6128,0.072564
1275.7360,84.8048,0.071579
1277.6650,85.1362,0.069886
1279.5939,85.5346,0.067858
1281.5228,85.5421,0.067820
1283.4518,85.9523,0.065743
1285.3807,86.4403,0.063284
1287.3096,86.9205,0.060878
1289.2386,86.8254,0.061353
1291.1675,87.8295,0.056359
1293.0964,88.0371,0.055334
1295.0254,88.3969,0.053563
1296.9543,88.3337,0.053874
1298.8832,89.1861,0.049703
1300.8122,89.2011,0.049630
1302.7411,89.5493,0.047938
1304.6700,89.9548,0.045976
1306.5990,90.0029,0.045744
1308.5279,90.5672,0.043029
1310.4568,90.5588,0.043069
1312.3858,91.1694,0.040151
1314.3147,91.3361,0.039357
1316.2436,91.6467,0.037883
1318.1726,91.7672,0.037313
1320.1015,92.0006,0.036209
1322.0305,91.6234,0.037994
1323.9594,92.1946,0.035295
1325.8883,91.9798,0.036308
1327.8173,92.6409,0.033197
1329.7462,92.4209,0.034230
1331.6751,92.4436,0.034123
1333.6041,92.6837,0.032997
1335.5330,92.4637,0.034029
1337.4619,92.5968,0.033404
1339.3909,93.0499,0.031284
1341.3198,92.7837,0.032528
1343.2487,93.1721,0.030714
1345.1777,93.0373,0.031343
1347.1066,92.9975,0.031529
1349.0355,93.3999,0.029654
1350.9645,93.2609,0.030300
1352.8934,93.2328,0.030431
1354.8223,93.2226,0.030479
1356.7513,92.9745,0.031636
1358.6802,93.2112,0.030532
1360.6091,92.9224,0.031880
1362.5381,93.1726,0.030712
1364.4670,92.9797,0.031612
1366.3959,93.1795,0.030680
1368.3249,92.8148,0.032383
1370.2538,93.1039,0.031032
1372.1827,93.1343,0.030890
1374.1117,92.5279,0.033728
1376.0406,92.4516,0.034086
1377.9695,93.0548,0.031261
1379.8985,92.3456,0.034584
1381.8274,92.5606,0.033574
1383.7563,92.2594,0.034989
1385.6853,92.1514,0.035498
1387.6142,92.3468,0.034578
1389.5431,92.5948,0.033413
1391.4721,92.8039,0.032434
1393.4010,92.9299,0.031844
1395.3299,92.6094,0.033345
1397.2589,92.7530,0.032672
1399.1878,92.7002,0.032919
1401.1167,92.5912,0.033430
1403.0457,92.9696,0.031659
1404.9746,92.5288,0.033723
1406.9035,92.5604,0.033575
1408.8325,92.9739,0.031639
1410.7614,92.2996,0.034800
1412.6903,92.4915,0.033898
1414.6193,92.1125,0.035681
1416.5482,92.0614,0.035922
1418.4772,92.4555,0.034067
1420.4061,91.8206,0.037060
1422.3350,91.7292,0.037492
1424.2640,91.7081,0.037592
1426.1929,91.4078,0.039017
1428.1218,90.8786,0.041539
1430.0508,90.8162,0.041837
1431.9797,90.3918,0.043871
1433.9086,89.9603,0.045949
1435.8376,89.6862,0.047274
1437.7665,89.0957,0.050143
1439.6954,88.5161,0.052978
1441.6244,88.1294,0.054879
1443.5533,87.6357,0.057319
1445.4822,86.8775,0.061093
1447.4112,86.7551,0.061705
1449.3401,86.3112,0.063933
1451.2690,85.4499,0.068288
1453.1980,85.0916,0.070113
1455.1269,85.2879,0.069113
1457.0558,84.7504,0.071858
1458.9848,85.1712,0.069707
1460.9137,84.7006,0.072114
1462.8426,85.4707,0.068183
1464.7716,86.0392,0.065304
1466.7005,86.4692,0.063138
1468.6294,86.9125,0.060918
1470.5584,87.3563,0.058706
1472.4873,87.6617,0.057190
1474.4162,88.2619,0.054227
1476.3452,88.8420,0.051382
1478.2741,89.1357,0.049949
1480.2030,89.5738,0.047819
1482.1320,89.7682,0.046878
1484.0609,90.2774,0.044421
1485.9898,89.9576,0.045962
1487.9188,90.2236,0.044680
1489.8477,90.4674,0.043508
1491.7766,89.9045,0.046218
1493.7056,89.4877,0.048237
1495.6345,88.9726,0.050744
1497.5634,88.9314,0.050945
1499.4924,88.6428,0.052356
1501.4213,88.5641,0.052742
1503.3502,88.1630,0.054714
1505.2792,87.9004,0.056009
1507.2081,87.6806,0.057097
1509.1371,87.4546,0.058217
1511.0660,87.5439,0.057774
1512.9949,87.6985,0.057008
1514.9239,87.9149,0.055937
1516.8528,87.9847,0.055593
1518.7817,88.7554,0.051805
1520.7107,88.9525,0.050842
1522.6396,88.5869,0.052630
1524.5685,88.9780,0.050717
1526.4975,89.1684,0.049789
1528.4264,89.3813,0.048754
1530.3553,89.4243,0.048544
1532.2843,89.0166,0.050529
1534.2132,88.7720,0.051724
1536.1421,88.5354,0.052883
1538.0711,88.5935,0.052598
1540.0000,88.2260,0.054403
1541.9289,88.0992,0.055028
1543.8579,87.5886,0.057552
1545.7868,86.9764,0.060598
1547.7157,86.7188,0.061887
1549.6447,86.5191,0.062888
1551.5736,85.9445,0.065782
1553.5025,86.0383,0.065308
1555.4315,85.6235,0.067407
1557.3604,85.5800,0.067628
1559.2893,85.4263,0.068408
1561.2183,85.6093,0.067479
1563.1472,85.5862,0.067596
1565.0761,85.5538,0.067761
1567.0051,85.6950,0.067045
1568.9340,86.2954,0.064012
1570.8629,86.3452,0.063762
1572.7919,87.1465,0.059750
1574.7208,87.2771,0.059100
1576.6497,87.5593,0.057698
1578.5787,87.4392,0.058294
1580.5076,88.5535,0.052794
1582.4365,88.5507,0.052808
1584.3655,88.7812,0.051679
1586.2944,89.0559,0.050337
1588.2233,89.5665,0.047854
1590.1523,89.7314,0.047056
1592.0812,90.2016,0.044786
1594.0101,89.8445,0.046508
1595.9391,89.9094,0.046195
1597.8680,89.8523,0.046471
1599.7969,89.9925,0.045794
1601.7259,90.2348,0.044626
1603.6548,89.9475,0.046011
1605.5838,89.0664,0.050286
1607.5127,89.4200,0.048565
1609.4416,89.1146,0.050051
1611.3706,88.7632,0.051767
1613.2995,88.3570,0.053759
1615.2284,87.7555,0.056726
1617.1574,87.4047,0.058465
1619.0863,86.6117,0.062423
1621.0152,86.4246,0.063363
1622.9442,86.0031,0.065486
1624.8731,85.1764,0.069681
1626.8020,84.6061,0.072598
1628.7310,83.7348,0.077094
1630.6599,83.5415,0.078098
1632.5888,82.4739,0.083683
1634.5178,82.1396,0.085448
1636.4467,81.5473,0.088590
1638.3756,81.3850,0.089456
1640.3046,80.4984,0.094213
1642.2335,80.1761,0.095955
1644.1624,79.6913,0.098589
1646.0914,79.7365,0.098343
1648.0203,79.4599,0.099852
1649.9492,79.2982,0.100737
1651.8782,79.0681,0.101999
1653.8071,79.3858,0.100257
1655.7360,79.2909,0.100777
1657.6650,80.0893,0.096425
1659.5939,80.2238,0.095697
1661.5228,80.3975,0.094757
1663.4518,80.9686,0.091683
1665.3807,81.2906,0.089959
1667.3096,81.8993,0.086720
1669.2386,82.4714,0.083697
1671.1675,82.7022,0.082483
1673.0964,83.3690,0.078995
1675.0254,83.6076,0.077754
1676.9543,83.7068,0.077239
1678.8832,84.4540,0.073380
1680.8122,84.8165,0.071520
1682.7411,84.9525,0.070824
1684.6700,85.3422,0.068836
1686.5990,85.5564,0.067747
1688.5279,85.5146,0.067960
1690.4568,85.5945,0.067554
1692.3858,85.4223,0.068429
1694.3147,85.3351,0.068873
1696.2436,85.0186,0.070486
1698.1726,84.6811,0.072214
1700.1015,84.3246,0.074046
1702.0304,83.6972,0.077289
1703.9594,83.5005,0.078311
1705.8883,82.8404,0.081758
1707.8173,82.6693,0.082656
1709.7462,82.0101,0.086133
1711.6751,82.0765,0.085781
1713.6041,81.5034,0.088824
1715.5330,81.6034,0.088292
1717.4619,81.6621,0.087979
1719.3909,81.9356,0.086527
1721.3198,82.3368,0.084406
1723.2487,83.0090,0.080875
1725.1777,83.6194,0.077693
1727.1066,84.4431,0.073436
1729.0355,84.7102,0.072064
1730.9645,85.7048,0.066995
1732.8934,86.3393,0.063792
1734.8223,87.1093,0.059936
1736.7513,87.8298,0.056358
1738.6802,88.7686,0.051741
1740.6091,89.4584,0.048379
1742.5381,90.1773,0.044903
1744.4670,90.1897,0.044843
1746.3959,91.1373,0.040304
1748.3249,91.6406,0.037912
1750.2538,92.0309,0.036066
1752.1827,92.2366,0.035097
1754.1117,92.8778,0.032088
1756.0406,93.2891,0.030169
1757.9695,93.2082,0.030546
1759.8985,93.6618,0.028438
1761.8274,93.9068,0.027303
1763.7563,94.0897,0.026458
1765.6853,93.8643,0.027500
1767.6142,94.3219,0.025387
1769.5431,94.3181,0.025405
1771.4721,94.4901,0.024614
1773.4010,94.3288,0.025356
1775.3299,94.7831,0.023269
1777.2589,94.5281,0.024439
1779.1878,94.9169,0.022656
1781.1167,95.1146,0.021753
1783.0457,94.5906,0.024152
1784.9746,94.7430,0.023453
1786.9035,94.9124,0.022677
1788.8325,95.0211,0.022180
1790.7614,94.9263,0.022614
1792.6903,94.8392,0.023012
1794.6193,95.0213,0.022179
1796.5482,95.0429,0.022080
1798.4771,94.9658,0.022433
1800.4061,94.7392,0.023470
1802.3350,95.2247,0.021250
1804.2640,95.0919,0.021857
1806.1929,95.6377,0.019371
1808.1218,95.1342,0.021663
1810.0508,95.5777,0.019643
1811.9797,95.3182,0.020824
1813.9086,95.3996,0.020454
1815.8376,95.1887,0.021415
1817.7665,95.4717,0.020125
1819.6954,95.6017,0.019535
1821.6244,95.3446,0.020704
1823.5533,95.7638,0.018799
1825.4822,95.5549,0.019747
1827.4112,95.9558,0.017929
1829.3401,95.5126,0.019940
1831.2690,95.4115,0.020399
1833.1980,95.8591,0.018367
1835.1269,95.6321,0.019396
1837.0558,95.6251,0.019428
1838.9848,95.4314,0.020309
1840.9137,95.2777,0.021009
1842.8426,95.5035,0.019981
1844.7716,95.6248,0.019429
1846.7005,95.5775,0.019644
1848.6294,95.7127,0.019030
1850.5584,95.7797,0.018726
1852.4873,95.6841,0.019160
1854.4162,95.6236,0.019435
1856.3452,95.9542,0.017936
1858.2741,95.9256,0.018066
1860.2030,95.8699,0.018318
1862.1320,95.5819,0.019624
1864.0609,96.0566,0.017473
1865.9898,95.7738,0.018753
1867.9188,95.9921,0.017765
1869.8477,95.7819,0.018716
1871.7766,96.0401,0.017547
1873.7056,96.1746,0.016939
1875.6345,96.0466,0.017518
1877.5634,95.9188,0.018096
1879.4924,95.9839,0.017802
1881.4213,96.1761,0.016933
1883.3502,95.9163,0.018108
1885.2792,95.7730,0.018757
1887.2081,96.0552,0.017479
1889.1370,95.9559,0.017928
1891.0660,96.1204,0.017185
1892.9949,96.1663,0.016977
1894.9238,96.1505,0.017048
1896.8528,95.9077,0.018146
1898.7817,96.0775,0.017378
1900.7107,96.0019,0.017720
1902.6396,96.2809,0.016460
1904.5685,95.9275,0.018057
1906.4975,95.6650,0.019247
1908.4264,96.0387,0.017554
1910.3553,96.0394,0.017550
1912.2843,95.9444,0.017980
1914.2132,96.0468,0.017517
1916.1421,96.1560,0.017024
1918.0711,96.0546,0.017482
1920.0000,95.8021,0.018625
1921.9289,95.9212,0.018085
1923.8579,96.2683,0.016517
1925.7868,95.9834,0.017804
1927.7157,96.2431,0.016630
1929.6447,95.9709,0.017861
1931.5736,96.3789,0.016018
1933.5025,96.4718,0.015600
1935.4315,95.9769,0.017833
1937.3604,96.0571,0.017471
1939.2893,96.3031,0.016360
1941.2183,96.1991,0.016829
1943.1472,95.9393,0.018003
1945.0761,96.4635,0.015637
1947.0051,96.0980,0.017286
1948.9340,96.2403,0.016643
1950.8629,95.9707,0.017861
1952.7919,96.0725,0.017401
1954.7208,96.2828,0.016451
1956.6497,96.5055,0.015448
1958.5787,95.9242,0.018072
1960.5076,96.3875,0.015979
1962.4365,96.3940,0.015950
1964.3655,96.0925,0.017311
1966.2944,96.6132,0.014963
1968.2233,96.5292,0.015341
1970.1523,96.1754,0.016936
1972.0812,95.9793,0.017822
1974.0101,96.2498,0.016600
1975.9391,96.5607,0.015200
1977.8680,96.4532,0.015684
1979.7969,96.3609,0.016099
1981.7259,96.5473,0.015260
1983.6548,96.1819,0.016906
1985.5837,96.1445,0.017075
1987.5127,96.2208,0.016731
1989.4416,96.5353,0.015314
1991.3705,96.6959,0.014592
1993.2995,96.3168,0.016298
1995.2284,96.3051,0.016351
1997.1574,96.2026,0.016813
1999.0863,95.9209,0.018087
2001.0152,96.4819,0.015554
2002.9442,95.9936,0.017758
2004.8731,96.2902,0.016418
2006.8020,96.3982,0.015931
2008.7310,96.4627,0.015640
2010.6599,96.2826,0.016452
2012.5888,96.6542,0.014779
2014.5178,96.4400,0.015743
2016.4467,96.3722,0.016048
2018.3756,96.4664,0.015624
2020.3046,96.3153,0.016305
2022.2335,96.4680,0.015617
2024.1624,96.1716,0.016953
2026.0914,96.3118,0.016321
2028.0203,96.5390,0.015297
2029.9492,96.2104,0.016778
2031.8782,96.1806,0.016912
2033.8071,96.5376,0.015304
2035.7360,96.4383,0.015751
2037.6650,96.1138,0.017214
2039.5939,96.2840,0.016446
2041.5228,96.3357,0.016213
2043.4518,96.0777,0.017377
2045.3807,96.5630,0.015189
2047.3096,96.3014,0.016367
2049.2386,96.2062,0.016797
2051.1675,96.1853,0.016891
2053.0964,96.5463,0.015264
2055.0254,96.3533,0.016133
2056.9543,96.3631,0.016089
2058.8832,96.5246,0.015362
2060.8122,96.4848,0.015541
2062.7411,96.5053,0.015449
2064.6700,96.4003,0.015922
2066.5990,96.3213,0.016278
2068.5279,96.2760,0.016482
2070.4568,96.3661,0.016076
2072.3858,96.6533,0.014783
2074.3147,96.5544,0.015228
2076.2436,96.3034,0.016359
2078.1726,96.3433,0.016178
2080.1015,96.2384,0.016652
2082.0304,96.4287,0.015794
2083.9594,96.1306,0.017138
2085.8883,96.1671,0.016973
2087.8173,96.2660,0.016527
2089.7462,96.4643,0.015633
2091.6751,96.4152,0.015854
2093.6041,96.1883,0.016878
2095.5330,96.3295,0.016241
2097.4619,95.7869,0.018694
2099.3909,96.4834,0.015548
2101.3198,96.0606,0.017455
2103.2487,96.2719,0.016500
2105.1777,96.0651,0.017434
2107.1066,96.1307,0.017138
2109.0355,96.1051,0.017253
2110.9645,95.8599,0.018363
2112.8934,95.9872,0.017787
2114.8223,95.7977,0.018645
2116.7513,95.7858,0.018699
2118.6802,95.8051,0.018611
2120.6091,95.7512,0.018856
2122.5381,95.7550,0.018839
2124.4670,95.8155,0.018564
2126.3959,95.8181,0.018552
2128.3249,95.7945,0.018659
2130.2538,95.5497,0.019771
2132.1827,95.5062,0.019968
2134.1117,95.3932,0.020483
2136.0406,95.4296,0.020317
2137.9695,96.0407,0.017545
2139.8985,95.5072,0.019964
2141.8274,94.9431,0.022537
2143.7563,94.8846,0.022804
2145.6853,95.3614,0.020627
2147.6142,95.2273,0.021239
2149.5431,95.3919,0.020489
2151.4721,95.1942,0.021390
2153.4010,95.2513,0.021129
2155.3299,95.3184,0.020823
2157.2589,95.3488,0.020685
2159.1878,95.2174,0.021284
2161.1167,95.0960,0.021838
2163.0457,95.7107,0.019039
2164.9746,95.4461,0.020242
2166.9035,95.3982,0.020460
2168.8325,95.2528,0.021122
2170.7614,95.4634,0.020163
2172.6903,95.3843,0.020523
2174.6193,95.4591,0.020183
2176.5482,95.7519,0.018853
2178.4771,95.9115,0.018130
2180.4061,95.8648,0.018341
2182.3350,95.7893,0.018683
2184.2640,95.7736,0.018754
2186.1929,96.1218,0.017178
2188.1218,95.7097,0.019044
2190.0508,96.1180,0.017195
2191.9797,95.9859,0.017793
2193.9086,95.9280,0.018055
2195.8376,95.8409,0.018449
2197.7665,96.0827,0.017355
2199.6954,96.1996,0.016827
2201.6244,96.2099,0.016780
2203.5533,96.5932,0.015053
2205.4822,96.2764,0.016480
2207.4112,96.4310,0.015783
2209.3401,96.4594,0.015656
2211.2690,96.6280,0.014897
2213.1980,96.2449,0.016622
2215.1269,96.6998,0.014574
2217.0558,96.6210,0.014929
2218.9848,96.4840,0.015545
2220.9137,96.5988,0.015028
2222.8426,96.6180,0.014942
2224.7716,96.0966,0.017292
2226.7005,96.5288,0.015343
2228.6294,96.6551,0.014775
2230.5584,96.5121,0.015418
2232.4873,96.8285,0.013997
2234.4162,96.7155,0.014504
2236.3452,96.7517,0.014341
2238.2741,96.4639,0.015635
2240.2030,96.8380,0.013954
2242.1320,96.7412,0.014389
2244.0609,96.5972,0.015036
2245.9898,96.3648,0.016082
2247.9188,96.5468,0.015262
2249.8477,96.8431,0.013931
2251.7766,96.8707,0.013807
2253.7056,96.8632,0.013841
2255.6345,96.9601,0.013407
2257.5634,96.6516,0.014791
2259.4924,96.3970,0.015937
2261.4213,96.6199,0.014934
2263.3502,96.9420,0.013488
2265.2792,96.7923,0.014159
2267.2081,96.5855,0.015088
2269.1370,96.7253,0.014460
2271.0660,96.6019,0.015015
2272.9949,97.1192,0.012695
2274.9238,96.8098,0.014081
2276.8528,96.8291,0.013994
2278.7817,96.5864,0.015084
2280.7106,96.6766,0.014679
2282.6396,97.0320,0.013085
2284.5685,96.5157,0.015402
2286.4975,96.6355,0.014863
2288.4264,96.6526,0.014787
2290.3553,96.7147,0.014508
2292.2843,97.0861,0.012843
2294.2132,96.9384,0.013504
2296.1421,96.7865,0.014185
2298.0711,97.0402,0.013048
2300.0000,96.7978,0.014134
2301.9289,96.8068,0.014094
2303.8579,96.6446,0.014822
2305.7868,96.9738,0.013346
2307.7157,96.5788,0.015118
2309.6447,96.7450,0.014371
2311.5736,97.0252,0.013116
2313.5025,96.6807,0.014660
2315.4315,96.5252,0.015359
2317.3604,96.7507,0.014346
2319.2893,96.7262,0.014456
2321.2183,96.8897,0.013723
2323.1472,97.1385,0.012608
2325.0761,96.9350,0.013519
2327.0051,96.7586,0.014311
2328.9340,97.0559,0.012978
2330.8629,96.7502,0.014348
2332.7919,96.6765,0.014679
2334.7208,96.7316,0.014431
2336.6497,96.6913,0.014613
2338.5787,96.9128,0.013619
2340.5076,97.0515,0.012998
2342.4365,96.6969,0.014588
2344.3655,97.0213,0.013133
2346.2944,96.5988,0.015028
2348.2233,96.9607,0.013404
2350.1523,96.5261,0.015355
2352.0812,96.5748,0.015136
2354.0101,96.8046,0.014104
2355.9391,97.0611,0.012955
2357.8680,96.7123,0.014518
2359.7969,97.1717,0.012460
2361.7259,96.6258,0.014907
2363.6548,96.6333,0.014873
2365.5837,97.0226,0.013127
2367.5127,96.5893,0.015071
2369.4416,96.9888,0.013278
2371.3705,96.8514,0.013894
2373.2995,96.6722,0.014699
2375.2284,96.5039,0.015455
2377.1573,96.8324,0.013979
2379.0863,96.7558,0.014323
2381.0152,96.9170,0.013600
2382.9442,96.6822,0.014653
2384.8731,96.9594,0.013410
2386.8020,97.1280,0.012656
2388.7310,96.9546,0.013431
2390.6599,96.7349,0.014417
2392.5888,96.7717,0.014252
2394.5178,97.0158,0.013157
2396.4467,96.8488,0.013906
2398.3756,97.2209,0.012240
2400.3046,96.5466,0.015263
2402.2335,96.6893,0.014622
2404.1624,96.7319,0.014430
2406.0914,96.8127,0.014068
2408.0203,96.8999,0.013677
2409.9492,96.5346,0.015317
2411.8782,96.9130,0.013618
2413.8071,96.8560,0.013873
2415.7360,96.8903,0.013720
2417.6650,96.9268,0.013556
2419.5939,97.1435,0.012586
2421.5228,97.0904,0.012824
2423.4518,96.6811,0.014658
2425.3807,96.9682,0.013371
2427.3096,96.8556,0.013875
2429.2386,96.8881,0.013730
2431.1675,96.8464,0.013917
2433.0964,96.5638,0.015185
2435.0254,97.0699,0.012915
2436.9543,97.0449,0.013027
2438.8832,97.0410,0.013045
2440.8122,96.8369,0.013959
2442.7411,96.9830,0.013304
2444.6700,96.8105,0.014078
2446.5990,96.6500,0.014798
2448.5279,96.7534,0.014334
2450.4568,96.6598,0.014754
2452.3858,96.4378,0.015753
2454.3147,96.6279,0.014898
2456.2436,96.9094,0.013634
2458.1726,96.8995,0.013678
2460.1015,96.9146,0.013611
2462.0304,96.6106,0.014975
2463.9594,96.8877,0.013731
2465.8883,96.9330,0.013528
2467.8172,96.7282,0.014447
2469.7462,96.7800,0.014214
2471.6751,97.1192,0.012695
2473.6040,96.8991,0.013680
2475.5330,96.6631,0.014739
2477.4619,96.7879,0.014179
2479.3909,96.7948,0.014148
2481.3198,96.5588,0.015208
2483.2487,97.0267,0.013109
2485.1777,96.8998,0.013677
2487.1066,96.9881,0.013281
2489.0355,96.8696,0.013812
2490.9645,97.1120,0.012727
2492.8934,96.5963,0.015039
2494.8223,96.5635,0.015187
2496.7513,96.6196,0.014935
2498.6802,96.8145,0.014060
2500.6091,96.3518,0.016140
2502.5381,96.3818,0.016005
2504.4670,96.6035,0.015007
2506.3959,96.6404,0.014841
2508.3249,96.7898,0.014170
2510.2538,96.7053,0.014550
2512.1827,96.5496,0.015249
2514.1117,96.3035,0.016358
2516.0406,96.3758,0.016032
2517.9695,96.6716,0.014701
2519.8985,96.8066,0.014095
2521.8274,96.5280,0.015347
2523.7563,96.8839,0.013748
2525.6853,96.5239,0.015365
2527.6142,96.6626,0.014742
2529.5431,96.5964,0.015039
2531.4721,96.5311,0.015333
2533.4010,96.3821,0.016003
2535.3299,96.9012,0.013671
2537.2589,96.5563,0.015219
2539.1878,96.5375,0.015304
2541.1167,96.8616,0.013848
2543.0457,96.7825,0.014203
2544.9746,96.7813,0.014208
2546.9035,96.8082,0.014088
2548.8325,97.1415,0.012595
2550.7614,96.6012,0.015017
2552.6903,96.9167,0.013601
2554.6193,96.8820,0.013757
2556.5482,97.3355,0.011729
2558.4771,96.7507,0.014346
2560.4061,96.8165,0.014051
2562.3350,97.0958,0.012800
2564.2639,96.6968,0.014588
2566.1929,97.0832,0.012856
2568.1218,96.7658,0.014278
2570.0507,97.2486,0.012117
2571.9797,96.8389,0.013950
2573.9086,96.7722,0.014249
2575.8376,96.8511,0.013895
2577.7665,96.2850,0.016441
2579.6954,97.1507,0.012554
2581.6244,97.0631,0.012946
2583.5533,97.0520,0.012996
2585.4822,97.0450,0.013027
2587.4112,96.8087,0.014086
2589.3401,96.8917,0.013713
2591.2690,97.0111,0.013179
2593.1980,96.9375,0.013508
2595.1269,96.8235,0.014019
2597.0558,96.7603,0.014303
2598.9848,96.8463,0.013917
2600.9137,96.8444,0.013926
2602.8426,97.5443,0.010798
2604.7716,96.8062,0.014097
2606.7005,96.8298,0.013991
2608.6294,96.9313,0.013536
2610.5584,96.8079,0.014089
2612.4873,97.4001,0.011441
2614.4162,97.5973,0.010562
2616.3452,96.8088,0.014085
2618.2741,97.0931,0.012812
2620.2030,96.9354,0.013518
2622.1320,96.8331,0.013976
2624.0609,96.9124,0.013620
2625.9898,96.9042,0.013658
2627.9188,96.9402,0.013496
2629.8477,97.1642,0.012494
2631.7766,97.2006,0.012331
2633.7056,97.1453,0.012578
2635.6345,96.9694,0.013365
2637.5634,96.7868,0.014184
2639.4924,97.0806,0.012868
2641.4213,96.8598,0.013856
2643.3502,97.1257,0.012666
2645.2792,96.7723,0.014249
2647.2081,96.7870,0.014183
2649.1370,97.0180,0.013147
2651.0660,96.9191,0.013590
2652.9949,97.1270,0.012660
2654.9238,96.8846,0.013745
2656.8528,96.9308,0.013538
2658.7817,97.0097,0.013185
2660.7106,96.9436,0.013481
2662.6396,96.8220,0.014026
2664.5685,97.3491,0.011668
2666.4974,97.2625,0.012055
2668.4264,96.6877,0.014629
2670.3553,97.2581,0.012074
2672.2843,96.8137,0.014063
2674.2132,97.0770,0.012884
2676.1421,97.0416,0.013042
2678.0711,97.3302,0.011752
2680.0000,97.1205,0.012689
2681.9289,96.5393,0.015296
2683.8579,96.7062,0.014546
2685.7868,97.0013,0.013222
2687.7157,97.5039,0.010978
2689.6447,97.1122,0.012726
2691.5736,97.1080,0.012745
2693.5025,97.0772,0.012883
2695.4315,97.0993,0.012784
2697.3604,96.8377,0.013956
2699.2893,97.2216,0.012237
2701.2183,96.9117,0.013624
2703.1472,96.8628,0.013843
2705.0761,97.0391,0.013053
2707.0051,96.8808,0.013762
2708.9340,96.9450,0.013475
2710.8629,96.9329,0.013529
2712.7919,97.1541,0.012539
2714.7208,96.8982,0.013684
2716.6497,96.8107,0.014076
2718.5787,96.8088,0.014085
2720.5076,96.9236,0.013571
2722.4365,97.1284,0.012654
2724.3655,96.7368,0.014408
2726.2944,97.2861,0.011949
2728.2233,97.0232,0.013124
2730.1523,96.8931,0.013707
2732.0812,97.2686,0.012027
2734.0101,96.6793,0.014667
2735.9391,96.7939,0.014152
2737.8680,96.9444,0.013477
2739.7969,97.1201,0.012691
2741.7259,96.9846,0.013297
2743.6548,96.9758,0.013337
2745.5837,96.9167,0.013601
2747.5127,96.8496,0.013902
2749.4416,96.9229,0.013574
2751.3705,96.9528,0.013440
2753.2995,97.3501,0.011663
2755.2284,96.9547,0.013431
2757.1573,96.8920,0.013712
2759.0863,96.7245,0.014463
2761.0152,96.9227,0.013574
2762.9441,96.8850,0.013744
2764.8731,96.8911,0.013716
2766.8020,96.7060,0.014547
2768.7310,97.2593,0.012069
2770.6599,96.7188,0.014489
2772.5888,96.7457,0.014368
2774.5178,97.0354,0.013070
2776.4467,97.1476,0.012568
2778.3756,96.6242,0.014914
2780.3046,96.6136,0.014962
2782.2335,97.0609,0.012956
2784.1624,97.3131,0.011829
2786.0914,96.7409,0.014390
2788.0203,96.5108,0.015424
2789.9492,96.7941,0.014151
2791.8782,97.0425,0.013038
2793.8071,96.6226,0.014921
2795.7360,96.3285,0.016245
2797.6650,96.6829,0.014650
2799.5939,96.4751,0.015585
2801.5228,96.4599,0.015653
2803.4518,96.6764,0.014679
2805.3807,96.8639,0.013838
2807.3096,96.7321,0.014430
2809.2386,96.4438,0.015726
2811.1675,96.5669,0.015172
2813.0964,96.5835,0.015097
2815.0254,96.2270,0.016703
2816.9543,96.1461,0.017068
2818.8832,96.3384,0.016201
2820.8122,96.1247,0.017165
2822.7411,96.1816,0.016908
2824.6700,95.6409,0.019356
2826.5990,95.7489,0.018866
2828.5279,95.6201,0.019451
2830.4568,95.0676,0.021967
2832.3858,94.7421,0.023457
2834.3147,94.4643,0.024732
2836.2436,94.3431,0.025290
2838.1726,93.7472,0.028042
2840.1015,92.6916,0.032960
2842.0304,91.6345,0.037941
2843.9594,90.8335,0.041754
2845.8883,90.1131,0.045212
2847.8172,89.3926,0.048698
2849.7462,88.7985,0.051594
2851.6751,88.1941,0.054560
2853.6040,87.6914,0.057043
2855.5330,87.0790,0.060087
2857.4619,87.1219,0.059873
2859.3908,87.7297,0.056853
2861.3198,88.1408,0.054823
2863.2487,88.5624,0.052750
2865.1777,89.8280,0.046588
2867.1066,90.4070,0.043798
2869.0355,91.2145,0.039936
2870.9645,92.0403,0.036022
2872.8934,92.8855,0.032052
2874.8223,93.1196,0.030959
2876.7513,93.4253,0.029536
2878.6802,93.9510,0.027099
2880.6091,94.2146,0.025882
2882.5381,94.9385,0.022558
2884.4670,94.8048,0.023170
2886.3959,94.4166,0.024952
2888.3249,94.5494,0.024341
2890.2538,94.5636,0.024276
2892.1827,94.7809,0.023279
2894.1117,94.3701,0.025165
2896.0406,94.2339,0.025793
2897.9695,93.3938,0.029682
2899.8985,93.4893,0.029238
2901.8274,92.4324,0.034176
2903.7563,91.9743,0.036334
2905.6853,91.3113,0.039475
2907.6142,90.5784,0.042975
2909.5431,89.4832,0.048259
2911.4721,88.4126,0.053486
2913.4010,87.5104,0.057940
2915.3299,86.5347,0.062810
2917.2589,85.3155,0.068972
2919.1878,83.9458,0.076001
2921.1167,83.3996,0.078836
2923.0457,82.6903,0.082546
2924.9746,82.6556,0.082728
2926.9035,82.6423,0.082797
2928.8325,82.9072,0.081408
2930.7614,83.3910,0.078881
2932.6903,84.6036,0.072611
2934.6193,85.3722,0.068684
2936.5482,86.1075,0.064959
2938.4771,87.5468,0.057760
2940.4061,88.5041,0.053036
2942.3350,89.2520,0.049382
2944.2639,90.7248,0.042274
2946.1929,91.7711,0.037294
2948.1218,91.9786,0.036313
2950.0507,93.0110,0.031466
2951.9797,93.4357,0.029487
2953.9086,94.2493,0.025722
2955.8375,94.1460,0.026198
2957.7665,94.8381,0.023017
2959.6954,94.9282,0.022605
2961.6244,95.3119,0.020853
2963.5533,95.4572,0.020191
2965.4822,95.2637,0.021073
2967.4112,95.8581,0.018371
2969.3401,95.7701,0.018770
2971.2690,96.0155,0.017659
2973.1980,95.9566,0.017925
2975.1269,95.4920,0.020033
2977.0558,96.0092,0.017687
2978.9848,95.6475,0.019327
2980.9137,96.0073,0.017696
2982.8426,96.0982,0.017285
2984.7716,95.9849,0.017797
2986.7005,96.0426,0.017536
2988.6294,95.8307,0.018495
2990.5584,96.0597,0.017459
2992.4873,96.1101,0.017231
2994.4162,95.7687,0.018776
2996.3452,95.9562,0.017927
2998.2741,96.3142,0.016310
3000.2030,96.1862,0.016887
3002.1320,96.2464,0.016615
3004.0609,96.0529,0.017489
3005.9898,95.6873,0.019146
3007.9188,96.3177,0.016294
3009.8477,95.7702,0.018770
3011.7766,96.1203,0.017185
3013.7056,96.1517,0.017043
3015.6345,96.0111,0.017678
3017.5634,96.3380,0.016202
3019.4924,96.0077,0.017694
3021.4213,96.0999,0.017277
3023.3502,96.1093,0.017234
3025.2792,95.5568,0.019739
3027.2081,95.8481,0.018417
3029.1370,96.1080,0.017241
3031.0660,96.1159,0.017205
3032.9949,95.6869,0.019147
3034.9238,95.7108,0.019039
3036.8528,95.9239,0.018073
3038.7817,96.0509,0.017499
3040.7106,95.7860,0.018698
3042.6396,95.4818,0.020079
3044.5685,95.7729,0.018757
3046.4974,95.5611,0.019719
3048.4264,95.4736,0.020117
3050.3553,95.6437,0.019343
3052.2842,95.6239,0.019434
3054.2132,95.4376,0.020280
3056.1421,95.7615,0.018809
3058.0711,95.7169,0.019011
3060.0000,95.5394,0.019817
3061.9289,95.7065,0.019059
3063.8579,95.4356,0.020290
3065.7868,95.3619,0.020625
3067.7157,95.2986,0.020913
3069.6447,95.1320,0.021674
3071.5736,95.2665,0.021060
3073.5025,95.3325,0.020759
3075.4315,94.8708,0.022867
3077.3604,95.7088,0.019048
3079.2893,94.9408,0.022547
3081.2183,95.0241,0.022166
3083.1472,95.2786,0.021005
3085.0761,95.2617,0.021082
3087.0051,94.9968,0.022291
3088.9340,94.6085,0.024070
3090.8629,94.7734,0.023314
3092.7919,94.7144,0.023584
3094.7208,94.4925,0.024603
3096.6497,94.8394,0.023011
3098.5787,94.7745,0.023309
3100.5076,94.7182,0.023567
3102.4365,94.3469,0.025273
3104.3655,94.2480,0.025728
3106.2944,94.4056,0.025002
3108.2233,94.4397,0.024845
3110.1523,94.1987,0.025955
3112.0812,94.1010,0.026406
3114.0101,94.1228,0.026305
3115.9391,94.1554,0.026155
3117.8680,94.0273,0.026746
3119.7969,93.9983,0.026880
3121.7259,94.0389,0.026692
3123.6548,94.0668,0.026564
3125.5837,93.7178,0.028178
3127.5127,93.7227,0.028155
3129.4416,93.7928,0.027830
3131.3705,93.4112,0.029601
3133.2995,93.4554,0.029396
3135.2284,93.2089,0.030542
3137.1573,92.9903,0.031562
3139.0863,93.0181,0.031433
3141.0152,93.2162,0.030509
3142.9441,93.0017,0.031509
3144.8731,93.0826,0.031132
3146.8020,92.5474,0.033636
3148.7310,92.5165,0.033781
3150.6599,92.2640,0.034968
3152.5888,92.0560,0.035948
3154.5178,91.8361,0.036986
3156.4467,92.1290,0.035604
3158.3756,91.8144,0.037089
3160.3046,91.7374,0.037454
3162.2335,91.5377,0.038400
3164.1624,91.7269,0.037503
3166.0914,91.6329,0.037948
3168.0203,91.3025,0.039517
3169.9492,91.0881,0.040538
3171.8782,90.9807,0.041051
3173.8071,90.7845,0.041988
3175.7360,90.8108,0.041863
3177.6650,90.8613,0.041621
3179.5939,90.3457,0.044092
3181.5228,90.0768,0.045387
3183.4518,90.2515,0.044546
3185.3807,90.3307,0.044165
3187.3096,90.0961,0.045294
3189.2386,90.3854,0.043902
3191.1675,89.7760,0.046840
3193.0964,89.2238,0.049519
3195.0254,89.5175,0.048092
3196.9543,89.1877,0.049695
3198.8832,89.2377,0.049451
3200.8122,88.9698,0.050757
3202.7411,88.9070,0.051064
3204.6700,88.7296,0.051931
3206.5990,88.6175,0.052481
3208.5279,88.2412,0.054329
3210.4568,87.9415,0.055806
3212.3858,88.1238,0.054907
3214.3147,87.7717,0.056646
3216.2436,88.1598,0.054729
3218.1726,87.5795,0.057598
3220.1015,87.2268,0.059350
3222.0304,86.8619,0.061170
3223.9594,87.0451,0.060256
3225.8883,86.9154,0.060903
3227.8172,86.7066,0.061948
3229.7462,86.6509,0.062227
3231.6751,86.3663,0.063656
3233.6040,86.3144,0.063917
3235.5330,85.9406,0.065802
3237.4619,85.8712,0.066153
3239.3908,85.7581,0.066725
3241.3198,85.5791,0.067632
3243.2487,85.7256,0.066890
3245.1777,84.9632,0.070769
3247.1066,84.8812,0.071189
3249.0355,84.9554,0.070809
3250.9645,84.9195,0.070993
3252.8934,84.2674,0.074340
3254.8223,84.4166,0.073572
3256.7513,84.1122,0.075141
3258.6802,83.9722,0.075864
3260.6091,84.0878,0.075267
3262.5381,83.5196,0.078212
3264.4670,83.5596,0.078004
3266.3959,83.1756,0.080004
3268.3249,83.2608,0.079559
3270.2538,82.7347,0.082312
3272.1827,82.8258,0.081835
3274.1117,82.7876,0.082035
3276.0406,82.4012,0.084066
3277.9695,82.1398,0.085446
3279.8985,82.0657,0.085838
3281.8274,81.6984,0.087786
3283.7563,81.8815,0.086814
3285.6853,81.5886,0.088371
3287.6142,81.3618,0.089580
3289.5431,81.0415,0.091292
3291.4721,80.8154,0.092506
3293.4010,80.6786,0.093242
3295.3299,80.5791,0.093777
3297.2589,80.2283,0.095672
3299.1878,80.1144,0.096290
3301.1167,80.1211,0.096253
3303.0457,80.0441,0.096670
3304.9746,79.7999,0.097998
3306.9035,79.2627,0.100931
3308.8325,79.3829,0.100273
3310.7614,79.4530,0.099890
3312.6903,79.4831,0.099725
3314.6193,79.0312,0.102202
3316.5482,78.3155,0.106152
3318.4771,78.4689,0.105303
3320.4061,78.5153,0.105046
3322.3350,78.4490,0.105413
3324.2639,78.4029,0.105668
3326.1929,77.9552,0.108155
3328.1218,78.0675,0.107530
3330.0507,77.7137,0.109503
3331.9797,77.6144,0.110058
3333.9086,77.4456,0.111003
3335.8375,77.4015,0.111251
3337.7665,77.5295,0.110533
3339.6954,77.4249,0.111119
3341.6244,77.2630,0.112029
3343.5533,76.8174,0.114540
3345.4822,76.7622,0.114853
3347.4112,76.7905,0.114693
3349.3401,76.5710,0.115936
3351.2690,76.5361,0.116133
3353.1980,76.6065,0.115735
3355.1269,76.5136,0.116262
3357.0558,76.2643,0.117679
3358.9848,75.9387,0.119537
3360.9137,76.0499,0.118901
3362.8426,75.7779,0.120458
3364.7716,75.9865,0.119263
3366.7005,75.9126,0.119686
3368.6294,75.4158,0.122537
3370.5584,75.7001,0.120903
3372.4873,75.8742,0.119906
3374.4162,75.5055,0.122021
3376.3452,75.4535,0.122321
3378.2741,75.2762,0.123342
3380.2030,75.3076,0.123161
3382.1320,75.2328,0.123593
3384.0609,75.2617,0.123426
3385.9898,75.2031,0.123764
3387.9188,75.4042,0.122604
3389.8477,75.4561,0.122305
3391.7766,75.2807,0.123316
3393.7056,75.4507,0.122337
3395.6345,75.2508,0.123489
3397.5634,75.3400,0.122975
3399.4924,75.2338,0.123587
3401.4213,75.2668,0.123397
3403.3502,75.2693,0.123382
3405.2792,75.0474,0.124664
3407.2081,75.1979,0.123794
3409.1370,75.5242,0.121914
3411.0660,75.2198,0.123668
3412.9949,75.4111,0.122565
3414.9238,75.5597,0.121710
3416.8528,75.1109,0.124297
3418.7817,75.1776,0.123912
3420.7106,75.2665,0.123398
3422.6396,75.4631,0.122265
3424.5685,75.4271,0.122472
3426.4974,75.5956,0.121503
3428.4264,75.7930,0.120371
3430.3553,75.8197,0.120218
3432.2842,75.8822,0.119860
3434.2132,75.5778,0.121606
3436.1421,75.8001,0.120330
3438.0711,75.9803,0.119299
3440.0000,75.8817,0.119863
3441.9289,76.2558,0.117727
3443.8579,76.2469,0.117778
3445.7868,76.6126,0.115700
3447.7157,76.5388,0.116119
3449.6447,76.4664,0.116530
3451.5736,76.2330,0.117857
3453.5025,77.0244,0.113372
3455.4315,77.1824,0.112482
3457.3604,76.8558,0.114323
3459.2893,77.0667,0.113133
3461.2183,76.9825,0.113608
3463.1472,77.4617,0.110913
3465.0761,77.5335,0.110510
3467.0051,77.5185,0.110595
3468.9340,77.6709,0.109742
3470.8629,77.6538,0.109837
3472.7919,78.2102,0.106736
3474.7208,78.0469,0.107644
3476.6497,78.2578,0.106472
3478.5787,78.3938,0.105718
3480.5076,78.5253,0.104991
3482.4365,79.0789,0.101939
3484.3655,79.0177,0.102275
3486.2944,78.9442,0.102680
3488.2233,78.9458,0.102671
3490.1523,79.2743,0.100868
3492.0812,79.3597,0.100400
3494.0101,79.7644,0.098191
3495.9391,79.6470,0.098831
3497.8680,79.5861,0.099163
3499.7969,80.1942,0.095857
3501.7259,80.3618,0.094950
3503.6548,80.2698,0.095448
3505.5837,80.6068,0.093628
3507.5127,80.7974,0.092602
3509.4416,80.7957,0.092612
3511.3705,80.9998,0.091516
3513.2995,81.1199,0.090873
3515.2284,81.5118,0.088779
3517.1573,81.5833,0.088399
3519.0863,82.0849,0.085736
3521.0152,81.8758,0.086845
3522.9441,82.0562,0.085888
3524.8731,81.9359,0.086526
3526.8020,82.5444,0.083312
3528.7309,82.8353,0.081785
3530.6599,82.7169,0.082406
3532.5888,83.1604,0.080083
3534.5177,83.1252,0.080267
3536.4467,83.3192,0.079255
3538.3756,83.5276,0.078170
3540.3046,83.4348,0.078653
3542.2335,84.1458,0.074967
3544.1624,84.4708,0.073293
3546.0914,84.4170,0.073570
3548.0203,84.4698,0.073299
3549.9492,84.6200,0.072527
3551.8782,84.7244,0.071991
3553.8071,84.9675,0.070747
3555.7360,84.8248,0.071477
3557.6650,85.6616,0.067214
3559.5939,85.5002,0.068033
3561.5228,85.9916,0.065544
3563.4518,85.8129,0.066448
3565.3807,85.8072,0.066476
3567.3096,86.2001,0.064492
3569.2386,86.2258,0.064363
3571.1675,86.5591,0.062687
3573.0964,86.9138,0.060912
3575.0254,86.6484,0.062239
3576.9543,86.7387,0.061787
3578.8832,86.9869,0.060546
3580.8122,87.4151,0.058413
3582.7411,87.1570,0.059698
3584.6700,87.3678,0.058649
3586.5990,87.7052,0.056975
3588.5279,87.5205,0.057890
3590.4568,87.6192,0.057401
3592.3858,87.7838,0.056586
3594.3147,88.0482,0.055279
3596.2436,88.0135,0.055451
3598.1726,87.6233,0.057380
3600.1015,87.6209,0.057392
3602.0304,87.7895,0.056558
3603.9594,87.2981,0.058995
3605.8883,87.5003,0.057990
3607.8172,86.6889,0.062036
3609.7462,86.3298,0.063839
3611.6751,85.8964,0.066025
3613.6040,85.2625,0.069242
3615.5330,84.8059,0.071574
3617.4619,84.8843,0.071173
3619.3908,84.5496,0.072888
3621.3198,84.9794,0.070686
3623.2487,85.7950,0.066538
3625.1776,86.0619,0.065189
3627.1066,86.9472,0.060744
3629.0355,88.0899,0.055074
3630.9644,88.2070,0.054497
3632.8934,88.7523,0.051820
3634.8223,89.7710,0.046864
3636.7513,90.2083,0.044754
3638.6802,90.3568,0.044039
3640.6091,90.6993,0.042396
3642.5381,91.1141,0.040415
3644.4670,91.3452,0.039314
3646.3959,91.4854,0.038648
3648.3249,92.1237,0.035629
3650.2538,92.1256,0.035620
3652.1827,92.2015,0.035262
3654.1117,92.0729,0.035868
3656.0406,92.1852,0.035339
3657.9695,92.4595,0.034048
3659.8985,92.7697,0.032594
3661.8274,92.7670,0.032607
3663.7563,92.5816,0.033475
3665.6853,92.6027,0.033377
3667.6142,92.8545,0.032197
3669.5431,92.7611,0.032634
3671.4721,93.4001,0.029653
3673.4010,92.6555,0.033129
3675.3299,93.2395,0.030400
3677.2589,92.9314,0.031838
3679.1878,92.8861,0.032049
3681.1167,92.6647,0.033086
3683.0457,92.3137,0.034734
3684.9746,92.1145,0.035672
3686.9035,91.6470,0.037882
3688.8325,91.1451,0.040267
3690.7614,90.8940,0.041465
3692.6903,90.4682,0.043504
3694.6193,90.2586,0.044511
3696.5482,90.4130,0.043769
3698.4771,90.6861,0.042459
3700.4061,91.2059,0.039977
3702.3350,91.8833,0.036764
3704.2639,92.6426,0.033189
3706.1929,93.0576,0.031248
3708.1218,93.2455,0.030372
3710.0507,93.6976,0.028272
3711.9797,93.8063,0.027768
3713.9086,94.3910,0.025069
3715.8375,94.0895,0.026459
3717.7665,94.8877,0.022790
3719.6954,94.9271,0.022610
3721.6243,94.8401,0.023008
3723.5533,94.8706,0.022868
3725.4822,95.1258,0.021702
3727.4111,95.1719,0.021491
3729.3401,95.7074,0.019054
3731.2690,95.1231,0.021714
3733.1980,95.6657,0.019244
3735.1269,95.1890,0.021413
3737.0558,95.5964,0.019558
3738.9848,95.5235,0.019890
3740.9137,95.7157,0.019017
3742.8426,95.7121,0.019033
3744.7716,95.3935,0.020481
3746.7005,95.7768,0.018740
3748.6294,95.4867,0.020057
3750.5584,95.6033,0.019527
3752.4873,95.7078,0.019053
3754.4162,95.5822,0.019623
3756.3452,95.7652,0.018792
3758.2741,95.7068,0.019057
3760.2030,95.9184,0.018098
3762.1320,95.7303,0.018951
3764.0609,96.0847,0.017346
3765.9898,95.9657,0.017884
3767.9188,96.2012,0.016820
3769.8477,96.0120,0.017675
3771.7766,96.4283,0.015796
3773.7056,96.3429,0.016180
3775.6345,96.4698,0.015608
3777.5634,96.2530,0.016586
3779.4924,96.2603,0.016553
3781.4213,95.9452,0.017977
3783.3502,96.0509,0.017499
3785.2792,96.0375,0.017559
3787.2081,96.2819,0.016456
3789.1370,96.6593,0.014757
3791.0660,96.3678,0.016068
3792.9949,96.1806,0.016913
3794.9238,96.1787,0.016921
3796.8528,96.3286,0.016245
3798.7817,96.1416,0.017089
3800.7106,96.6886,0.014625
3802.6396,96.3395,0.016196
3804.5685,96.3403,0.016192
3806.4974,96.1378,0.017106
3808.4264,96.5144,0.015408
3810.3553,96.6367,0.014858
3812.2842,96.6286,0.014894
3814.2132,96.1470,0.017064
3816.1421,96.8630,0.013842
3818.0710,96.4123,0.015867
3820.0000,96.3831,0.015999
3821.9289,96.2368,0.016659
3823.8578,96.6622,0.014743
3825.7868,96.5478,0.015258
3827.7157,96.3077,0.016339
3829.6447,96.4381,0.015751
3831.5736,96.4336,0.015771
3833.5025,96.7741,0.014241
3835.4315,96.7212,0.014479
3837.3604,96.2902,0.016418
3839.2893,96.7787,0.014220
3841.2183,96.9608,0.013404
3843.1472,96.4538,0.015680
3845.0761,96.8231,0.014021
3847.0051,96.9726,0.013351
3848.9340,96.6224,0.014922
3850.8629,96.5498,0.015249
3852.7919,96.3964,0.015939
3854.7208,96.5788,0.015118
3856.6497,96.3759,0.016031
3858.5787,96.7577,0.014315
3860.5076,97.0083,0.013191
3862.4365,96.8075,0.014091
3864.3655,96.7039,0.014556
3866.2944,96.5388,0.015298
3868.2233,96.8443,0.013926
3870.1523,96.5694,0.015160
3872.0812,96.6854,0.014639
3874.0101,96.6207,0.014930
3875.9391,97.0408,0.013046
3877.8680,96.6809,0.014659
3879.7969,96.3214,0.016277
3881.7259,96.6241,0.014915
3883.6548,97.1751,0.012445
3885.5837,96.6190,0.014938
3887.5127,96.5931,0.015054
3889.4416,97.0947,0.012804
3891.3705,96.6331,0.014874
3893.2995,97.1849,0.012401
3895.2284,96.7133,0.014514
3897.1573,96.5297,0.015339
3899.0863,96.6318,0.014880
3901.0152,96.7114,0.014522
3902.9441,96.9878,0.013283
3904.8731,97.0714,0.012909
3906.8020,96.5435,0.015277
3908.7309,96.9107,0.013628
3910.6599,96.8549,0.013879
3912.5888,97.0489,0.013009
3914.5177,96.9022,0.013666
3916.4467,96.5778,0.015123
3918.3756,96.8795,0.013768
3920.3045,97.0587,0.012965
3922.2335,96.8993,0.013679
3924.1624,96.9174,0.013598
3926.0914,96.9716,0.013356
3928.0203,96.8297,0.013991
3929.9492,96.7329,0.014426
3931.8782,96.6694,0.014711
3933.8071,96.7337,0.014422
3935.7360,96.8785,0.013773
3937.6650,97.0018,0.013220
3939.5939,97.4963,0.011012
3941.5228,96.8053,0.014101
3943.4518,96.8291,0.013994
3945.3807,97.0812,0.012865
3947.3096,97.0078,0.013193
3949.2386,96.5743,0.015139
3951.1675,96.5921,0.015058
3953.0964,96.9013,0.013670
3955.0254,96.9812,0.013312
3956.9543,96.9782,0.013326
3958.8832,96.8730,0.013797
3960.8122,96.4857,0.015537
3962.7411,97.0201,0.013138
3964.6700,96.6902,0.014617
3966.5990,96.5536,0.015232
3968.5279,96.8967,0.013691
3970.4568,96.6669,0.014722
3972.3858,97.0231,0.013125
3974.3147,96.9554,0.013428
3976.2436,97.1214,0.012685
3978.1726,96.7808,0.014211
3980.1015,97.4202,0.011351
3982.0304,96.9275,0.013553
3983.9594,96.5541,0.015229
3985.8883,97.0122,0.013174
3987.8172,97.0750,0.012892
3989.7462,96.7228,0.014471
3991.6751,97.0508,0.013001
3993.6040,96.8227,0.014023
3995.5330,97.2204,0.012242
3997.4619,96.9113,0.013626
3999.3908,97.0993,0.012784
